City_ID,City,Lat,Lng,Max Temp,Humidity,Cloudiness,Wind Speed,Country,Date
0,Puerto Ayora,-0.7393,-90.3518,82.4,78,20,11.5,EC,2021-03-28 19:22:57
1,Vaini,-21.2,-175.2,78.8,89,75,9.22,TO,2021-03-28 19:24:15
2,Marapanim,-0.7175,-47.6997,80.74,83,99,6.06,BR,2021-03-28 19:24:20
3,Busselton,-33.65,115.3333,55.0,94,0,6.29,AU,2021-03-28 19:24:20
4,Pitimbu,-7.4706,-34.8086,84.2,70,75,9.22,BR,2021-03-28 19:24:21
5,Sao Joao Da Barra,-21.6403,-41.0511,86.0,66,20,6.91,BR,2021-03-28 19:20:28
6,Moron,-34.6534,-58.6198,75.2,57,40,6.91,AR,2021-03-28 19:24:21
7,Kahului,20.8947,-156.47,75.2,64,40,20.71,US,2021-03-28 19:24:21
8,Vila Velha,-20.3297,-40.2925,82.4,65,40,6.91,BR,2021-03-28 19:24:17
9,Mount Gambier,-37.8333,140.7667,57.2,94,90,4.61,AU,2021-03-28 19:21:02
10,Arroio Grande,-32.2375,-53.0869,70.38,86,98,10.54,BR,2021-03-28 19:24:22
11,Mount Isa,-20.7333,139.5,75.2,31,0,16.11,AU,2021-03-28 19:24:22
12,Richards Bay,-28.783,32.0377,69.37,74,97,7.36,ZA,2021-03-28 19:24:22
13,Haikou,20.0458,110.3417,75.2,94,0,6.71,CN,2021-03-28 19:24:23
14,Kaitangata,-46.2817,169.8464,52.02,97,73,2.73,NZ,2021-03-28 19:24:23
15,East London,-33.0153,27.9116,60.8,82,20,4.61,ZA,2021-03-28 19:24:23
16,Bondo,3.8146,23.6866,80.37,47,77,2.46,CD,2021-03-28 19:24:24
17,Sitka,57.0531,-135.33,37.4,65,40,13.8,US,2021-03-28 19:24:24
18,Gharghoda,22.1667,83.35,77.31,17,0,0.6,IN,2021-03-28 19:24:24
19,Saint-Philippe,-21.3585,55.7679,78.8,78,0,6.91,RE,2021-03-28 19:24:16
20,Alta Floresta,-9.8756,-56.0861,84.2,74,75,2.3,BR,2021-03-28 19:24:25
21,Mataura,-46.1927,168.8643,52.0,98,100,2.3,NZ,2021-03-28 19:24:17
22,Norman Wells,65.282,-126.8329,-4.0,65,75,19.57,CA,2021-03-28 19:23:14
23,Constitucion,-35.3333,-72.4167,68.38,45,0,4.43,CL,2021-03-28 19:21:21
24,Hobart,-42.8794,147.3294,53.6,50,20,14.97,AU,2021-03-28 19:24:25
25,Tuktoyaktuk,69.4541,-133.0374,-16.6,76,75,13.8,CA,2021-03-28 19:24:25
26,Bilma,18.6853,12.9164,75.27,13,0,8.41,NE,2021-03-28 19:24:26
27,Nikolskoye,59.7035,30.7861,41.0,87,90,2.24,RU,2021-03-28 19:24:26
28,Lebu,-37.6167,-73.65,62.73,70,0,14.52,CL,2021-03-28 19:24:26
29,Thompson,55.7435,-97.8558,28.4,43,75,6.91,CA,2021-03-28 19:20:39
30,Hamilton,39.1834,-84.5333,46.99,65,100,5.01,US,2021-03-28 19:22:26
31,Qaanaaq,77.484,-69.3632,-15.2,80,75,2.82,GL,2021-03-28 19:24:27
32,Ushuaia,-54.8,-68.3,46.4,61,40,25.32,AR,2021-03-28 19:24:14
33,Bluff,-46.6,168.3333,52.0,98,100,5.68,NZ,2021-03-28 19:22:35
34,Butaritari,3.0707,172.7902,80.92,76,47,11.45,KI,2021-03-28 19:24:27
35,Ponta Do Sol,32.6667,-17.1,64.4,77,20,10.36,PT,2021-03-28 19:24:28
36,Itoman,26.1247,127.6694,71.6,100,75,4.61,JP,2021-03-28 19:24:28
37,Ballina,-28.8667,153.5667,64.4,94,3,6.58,AU,2021-03-28 19:22:42
38,Hithadhoo,-0.6,73.0833,80.29,84,100,27.89,MV,2021-03-28 19:22:22
39,Jamestown,42.097,-79.2353,46.0,81,90,20.22,US,2021-03-28 19:22:54
40,Hampton,37.0299,-76.3452,82.0,61,20,24.16,US,2021-03-28 19:22:35
41,Rosarito,32.3333,-117.0333,84.2,15,1,4.61,MX,2021-03-28 19:24:29
42,Cidreira,-30.1811,-50.2056,79.61,67,12,5.32,BR,2021-03-28 19:24:29
43,Vagur,61.4732,-6.8119,42.76,82,100,28.3,FO,2021-03-28 19:24:30
44,Purranque,-40.9167,-73.1667,73.4,46,0,11.5,CL,2021-03-28 19:24:30
45,Sao Filipe,14.8961,-24.4956,70.38,72,11,15.32,CV,2021-03-28 19:20:27
46,Tasiilaq,65.6145,-37.6368,19.4,53,20,9.22,GL,2021-03-28 19:22:21
47,Coihaique,-45.5752,-72.0662,66.2,52,40,6.91,CL,2021-03-28 19:21:32
48,Dolores,-36.3132,-57.6792,68.86,84,100,10.8,AR,2021-03-28 19:23:26
49,Arraial Do Cabo,-22.9661,-42.0278,86.0,74,20,9.22,BR,2021-03-28 19:24:31
50,Kampong Thum,12.7111,104.8887,83.48,50,36,10.22,KH,2021-03-28 19:24:12
51,Tarauaca,-8.1614,-70.7656,82.51,73,81,4.27,BR,2021-03-28 19:24:31
52,Albany,42.6001,-73.9662,52.0,87,100,10.42,US,2021-03-28 19:24:15
53,Saint-Ambroise,48.5501,-71.3324,34.0,93,100,20.71,CA,2021-03-28 19:24:31
54,Damghan,36.1683,54.348,40.82,38,0,0.96,IR,2021-03-28 19:24:32
55,Vardo,70.3705,31.1107,32.0,80,20,12.66,NO,2021-03-28 19:20:57
56,Gorontalo,0.5412,123.0595,75.15,83,100,2.24,ID,2021-03-28 19:24:32
57,Rikitea,-23.1203,-134.9692,78.66,74,10,15.19,PF,2021-03-28 19:24:33
58,Castro,-24.7911,-50.0119,73.31,80,100,5.95,BR,2021-03-28 19:24:33
59,Axim,4.8699,-2.2405,79.95,83,6,6.51,GH,2021-03-28 19:24:33
60,Tilichiki,60.4667,166.1,-9.31,92,20,7.0,RU,2021-03-28 19:24:33
61,Punta Arenas,-53.15,-70.9167,55.4,41,0,16.11,CL,2021-03-28 19:22:29
62,Umm Kaddadah,13.6017,26.6876,70.7,11,0,13.76,SD,2021-03-28 19:24:34
63,Port Alfred,-33.5906,26.891,66.29,71,100,18.79,ZA,2021-03-28 19:24:34
64,Dikson,73.5069,80.5464,-24.34,100,96,6.58,RU,2021-03-28 19:22:24
65,Kudahuvadhoo,2.6708,72.8944,81.5,78,100,13.49,MV,2021-03-28 19:24:35
66,Port Elizabeth,-33.918,25.5701,64.4,77,0,13.8,ZA,2021-03-28 19:24:07
67,Cururupu,-1.8283,-44.8683,79.48,91,34,4.9,BR,2021-03-28 19:19:58
68,Jacareacanga,-6.2222,-57.7528,90.46,50,99,4.68,BR,2021-03-28 19:24:35
69,Hilo,19.7297,-155.09,68.0,88,90,6.91,US,2021-03-28 19:23:16
70,Saskylakh,71.9167,114.0833,-4.74,99,98,2.01,RU,2021-03-28 19:24:04
71,Nanortalik,60.1432,-45.2371,25.95,65,4,7.0,GL,2021-03-28 19:23:53
72,Banepa,27.6298,85.5214,55.4,71,20,3.44,NP,2021-03-28 19:24:36
73,San Quintin,30.4833,-115.95,71.56,27,0,9.6,MX,2021-03-28 19:24:36
74,Miri,4.4148,114.0089,78.01,100,40,2.3,MY,2021-03-28 19:21:43
75,Mar Del Plata,-38.0023,-57.5575,68.0,83,40,14.97,AR,2021-03-28 19:24:37
76,Tadine,-21.55,167.8833,76.17,86,10,9.06,NC,2021-03-28 19:24:37
77,San Luis,-33.295,-66.3356,72.7,23,0,4.85,AR,2021-03-28 19:21:31
78,Port Lincoln,-34.7333,135.8667,60.49,81,2,7.05,AU,2021-03-28 19:24:37
79,Salaga,8.5508,-0.5188,94.89,24,59,1.88,GH,2021-03-28 19:24:38
80,Gayny,60.3071,54.3241,27.75,94,100,7.38,RU,2021-03-28 19:24:38
81,Cape Town,-33.9258,18.4232,69.01,72,0,6.91,ZA,2021-03-28 19:23:27
82,Corinto,37.9407,22.9573,54.0,57,5,2.35,GR,2021-03-28 19:24:38
83,Cherskiy,68.75,161.3,-9.71,92,100,0.31,RU,2021-03-28 19:24:39
84,Malakal,9.5334,31.6605,87.64,18,2,7.38,SS,2021-03-28 19:24:39
85,Kapaa,22.0752,-159.319,73.99,68,20,19.57,US,2021-03-28 19:24:39
86,Ahuimanu,21.4447,-157.8378,77.0,53,75,13.8,US,2021-03-28 19:24:39
87,Los Llanos De Aridane,28.6585,-17.9182,66.2,72,20,10.36,ES,2021-03-28 19:24:40
88,Georgetown,5.4112,100.3354,80.01,94,20,1.14,MY,2021-03-28 19:24:06
89,Cabo San Lucas,22.8909,-109.9124,81.0,35,75,8.05,MX,2021-03-28 19:24:28
90,Cabedelo,-6.9811,-34.8339,84.2,70,75,9.22,BR,2021-03-28 19:24:37
91,Totness,5.8833,-56.3167,79.07,86,100,13.35,SR,2021-03-28 19:24:40
92,New Norfolk,-42.7826,147.0587,52.0,60,38,1.99,AU,2021-03-28 19:24:41
93,Hermanus,-34.4187,19.2345,66.0,74,100,4.0,ZA,2021-03-28 19:24:39
94,Narwana,29.6167,76.1167,78.89,21,0,6.89,IN,2021-03-28 19:24:41
95,Diego De Almagro,-26.3667,-70.05,80.94,16,0,12.5,CL,2021-03-28 19:24:41
96,Khatanga,71.9667,102.5,-2.34,98,100,6.85,RU,2021-03-28 19:24:42
97,Alofi,-19.0595,-169.9187,80.6,89,4,12.66,NU,2021-03-28 19:24:21
98,Bahia De Caraquez,-0.6,-80.4167,80.6,78,75,3.44,EC,2021-03-28 19:24:42
99,Buin,-33.7333,-70.75,80.6,24,0,9.22,CL,2021-03-28 19:24:15
100,Aklavik,68.2191,-135.0107,-5.8,54,20,5.75,CA,2021-03-28 19:23:10
101,Alexandria,31.2156,29.9553,59.0,55,40,11.5,EG,2021-03-28 19:21:50
102,Acapulco,16.8634,-99.8901,84.2,61,1,11.5,MX,2021-03-28 19:20:19
103,Trincomalee,8.5711,81.2335,79.48,81,85,11.34,LK,2021-03-28 19:24:43
104,Grindavik,63.8424,-22.4338,32.0,86,75,1.14,IS,2021-03-28 19:24:43
105,Hofn,64.2539,-15.2082,34.84,55,98,21.09,IS,2021-03-28 19:21:58
106,Sisimiut,66.9395,-53.6735,3.52,62,25,4.76,GL,2021-03-28 19:24:43
107,Husavik,66.0449,-17.3389,33.8,47,20,8.05,IS,2021-03-28 19:24:44
108,Dibulla,11.2725,-73.3091,89.85,47,54,15.26,CO,2021-03-28 19:24:44
109,Panama City,8.9936,-79.5197,93.99,46,20,11.5,PA,2021-03-28 19:24:44
110,Ampanihy,-24.7,44.75,69.71,91,0,4.16,MG,2021-03-28 19:24:45
111,Victoria,22.2855,114.1577,75.99,88,9,5.79,HK,2021-03-28 19:22:16
112,Tiksi,71.6872,128.8694,1.85,99,100,1.59,RU,2021-03-28 19:24:45
113,Victor Harbor,-35.5667,138.6167,55.99,98,13,2.33,AU,2021-03-28 19:24:45
114,Portobelo,9.55,-79.65,86.0,63,48,25.99,PA,2021-03-28 19:24:46
115,Northallerton,54.339,-1.4324,53.6,87,75,21.85,GB,2021-03-28 19:24:46
116,Provideniya,64.3833,-173.3,10.0,93,100,22.19,RU,2021-03-28 19:24:46
117,Sebinkarahisar,40.2883,38.4236,19.87,89,22,4.03,TR,2021-03-28 19:24:47
118,Coquimbo,-29.9533,-71.3436,64.4,63,40,9.22,CL,2021-03-28 19:24:47
119,Taltal,-25.4,-70.4833,67.84,68,22,5.23,CL,2021-03-28 19:24:47
120,Orchard Homes,46.8633,-114.0484,62.6,20,1,8.95,US,2021-03-28 19:24:47
121,Kaduna,10.5222,7.4383,82.11,14,1,8.97,NG,2021-03-28 19:24:48
122,Sobolevo,54.4299,31.8996,35.11,93,96,8.5,RU,2021-03-28 19:22:54
123,Pevek,69.7008,170.3133,-22.4,100,63,0.85,RU,2021-03-28 19:24:48
124,Eureka,40.8021,-124.1637,50.0,93,90,5.3,US,2021-03-28 19:22:23
125,Haines Junction,60.7522,-137.5108,23.0,36,7,9.22,CA,2021-03-28 19:24:04
126,Catamarca,-28.4696,-65.7852,79.0,48,8,1.01,AR,2021-03-28 19:21:32
127,Sur,22.5667,59.5289,83.79,39,100,7.87,OM,2021-03-28 19:24:40
128,Del Rio,29.3627,-100.8968,78.8,17,20,11.5,US,2021-03-28 19:24:49
129,Sinop,41.7711,34.8709,39.18,80,6,2.44,TR,2021-03-28 19:24:49
130,Carnarvon,-24.8667,113.6333,73.4,94,0,2.28,AU,2021-03-28 19:24:49
131,Puerto Baquerizo Moreno,-0.9,-89.6,80.6,89,75,4.61,EC,2021-03-28 19:24:50
132,Laguna,38.421,-121.4238,75.0,32,1,5.75,US,2021-03-28 19:24:50
133,Samarai,-10.6167,150.6667,82.13,78,88,10.51,PG,2021-03-28 19:24:12
134,Bengkulu,-3.8004,102.2655,77.56,90,100,4.38,ID,2021-03-28 19:24:51
135,Almaznyy,48.0448,40.045,41.0,75,0,2.24,RU,2021-03-28 19:24:51
136,Ahipara,-35.1667,173.1667,66.15,93,63,7.07,NZ,2021-03-28 19:20:50
137,Avarua,-21.2078,-159.775,80.6,83,75,12.66,CK,2021-03-28 19:24:51
138,Goderich,43.7501,-81.7165,37.4,93,100,12.66,CA,2021-03-28 19:24:52
139,Algarrobo,10.1869,-74.5753,98.01,44,97,1.99,CO,2021-03-28 19:24:52
140,Romny,50.751,33.4747,42.87,67,34,9.35,UA,2021-03-28 19:24:52
141,Portland,45.5234,-122.6762,50.0,66,90,9.22,US,2021-03-28 19:22:30
142,Porbandar,21.6422,69.6093,79.05,73,7,9.13,IN,2021-03-28 19:24:00
143,Bredasdorp,-34.5322,20.0403,62.6,82,100,13.8,ZA,2021-03-28 19:24:53
144,Chokurdakh,70.6333,147.9167,-14.82,99,99,4.47,RU,2021-03-28 19:24:53
145,Pangnirtung,66.1451,-65.7125,5.0,51,90,3.44,CA,2021-03-28 19:24:53
146,Bonavista,48.6499,-53.1147,32.0,51,87,1.14,CA,2021-03-28 19:24:54
147,Camacha,33.0833,-16.3333,64.4,77,20,9.22,PT,2021-03-28 19:24:54
148,San Rafael Del Sur,11.8485,-86.4384,93.2,43,40,20.71,NI,2021-03-28 19:24:54
149,Saint-Augustin,51.226,-58.6502,21.74,64,9,10.09,CA,2021-03-28 19:24:55
150,Hobyo,5.3505,48.5268,80.87,77,68,12.8,SO,2021-03-28 19:24:55
151,Barrow,71.2906,-156.7887,-25.6,68,20,10.36,US,2021-03-28 19:24:55
152,Honiara,-9.4333,159.95,76.3,85,28,5.91,SB,2021-03-28 19:24:56
153,Iqaluit,63.7506,-68.5145,14.0,73,75,13.8,CA,2021-03-28 19:24:56
154,Broome,42.2506,-75.833,54.0,94,90,11.5,US,2021-03-28 19:24:56
155,Hrodna,53.6884,23.8258,36.97,92,30,6.17,BY,2021-03-28 19:24:56
156,Senanga,-16.1167,23.2667,69.01,70,45,5.14,ZM,2021-03-28 19:24:57
157,West Wendover,40.7391,-114.0733,53.6,37,1,8.05,US,2021-03-28 19:24:57
158,Longyearbyen,78.2186,15.6401,32.0,74,20,2.3,SJ,2021-03-28 19:24:57
159,Shingu,33.7333,135.9833,55.22,89,0,7.31,JP,2021-03-28 19:24:58
160,San Patricio,28.017,-97.5169,66.99,52,90,21.85,US,2021-03-28 19:24:58
161,Panalingaan,8.7842,117.4231,78.1,83,58,4.52,PH,2021-03-28 19:24:58
162,Upernavik,72.7868,-56.1549,-16.58,78,31,2.57,GL,2021-03-28 19:24:59
163,Saint-Pierre,-21.3393,55.4781,78.8,78,0,6.91,RE,2021-03-28 19:24:59
164,Frontera,26.9333,-101.45,66.2,37,90,6.91,MX,2021-03-28 19:24:59
165,Sibolga,1.7427,98.7792,76.86,88,100,2.44,ID,2021-03-28 19:24:59
166,Celinac,44.7228,17.3278,46.4,81,0,3.44,BA,2021-03-28 19:25:00
167,Shu,43.5983,73.7614,50.0,81,100,13.0,KZ,2021-03-28 19:25:00
168,Aykhal,66.0,111.5,12.9,99,99,5.39,RU,2021-03-28 19:25:00
169,Lasa,46.6166,10.7002,59.0,56,0,3.44,IT,2021-03-28 19:22:59
170,Ostrovnoy,68.0531,39.5131,35.26,98,100,14.45,RU,2021-03-28 19:25:01
171,Pemangkat,1.1667,108.9667,77.97,85,100,5.41,ID,2021-03-28 19:25:01
172,Geraldton,-28.7667,114.6,68.0,77,0,1.14,AU,2021-03-28 19:23:01
173,Roebourne,-20.7833,117.1333,87.19,46,95,8.43,AU,2021-03-28 19:21:33
174,Havoysund,70.9963,24.6622,35.6,75,20,11.5,NO,2021-03-28 19:25:02
175,Atuona,-9.8,-139.0333,81.14,72,100,17.98,PF,2021-03-28 19:25:02
176,De-Kastri,51.4667,140.7833,30.09,98,100,4.72,RU,2021-03-28 19:25:02
177,Vaitape,-16.5167,-151.75,82.26,73,15,21.56,PF,2021-03-28 19:25:03
178,Corowa,-36.0333,146.3833,45.0,89,0,5.39,AU,2021-03-28 19:25:03
179,Pisco,-13.7,-76.2167,77.0,57,0,16.11,PE,2021-03-28 19:25:03
180,Teguldet,57.3064,88.1667,30.83,98,100,4.76,RU,2021-03-28 19:25:04
181,Cap Malheureux,-19.9842,57.6142,78.01,79,1,1.01,MU,2021-03-28 19:22:51
182,Baykit,61.67,96.37,17.64,99,100,1.39,RU,2021-03-28 19:25:04
183,Ipixuna,-1.7625,-48.8043,78.8,83,75,12.66,BR,2021-03-28 19:25:04
184,Walvis Bay,-22.9575,14.5053,61.0,88,0,5.75,NA,2021-03-28 19:25:05
185,Fortuna,40.5982,-124.1573,48.2,93,90,11.5,US,2021-03-28 19:23:14
186,Nhulunbuy,-12.2333,136.7667,78.8,89,40,11.5,AU,2021-03-28 19:25:05
187,Morro Bay,35.3658,-120.8499,72.0,39,0,1.01,US,2021-03-28 19:23:22
188,Kodiak,57.79,-152.4072,37.4,41,75,4.61,US,2021-03-28 19:23:45
189,Grand Gaube,-20.0064,57.6608,78.01,79,1,0.81,MU,2021-03-28 19:25:06
190,Esperance,-33.8667,121.9,59.0,94,40,5.75,AU,2021-03-28 19:24:26
191,Northam,51.0333,-4.2167,52.0,90,31,14.0,GB,2021-03-28 19:24:51
192,Alihe,50.5667,123.7167,33.78,99,100,4.56,CN,2021-03-28 19:25:06
193,Marquette,46.5333,-87.6335,30.0,77,77,10.0,US,2021-03-28 19:21:03
194,Bethel,41.3712,-73.414,53.6,94,90,5.75,US,2021-03-28 19:24:20
195,Navrongo,10.8956,-1.0921,91.94,12,3,7.31,GH,2021-03-28 19:25:07
196,La Ronge,55.1001,-105.2842,37.4,70,100,8.05,CA,2021-03-28 19:25:07
197,Hulyaypole,47.6653,36.2578,43.86,68,58,4.29,UA,2021-03-28 19:25:07
198,Chapais,49.7834,-74.8492,28.4,100,90,11.5,CA,2021-03-28 19:25:08
199,Voh,-20.9667,164.7,74.62,90,16,3.91,NC,2021-03-28 19:25:08
200,Kangaatsiaq,68.3065,-53.4641,-9.6,67,11,10.94,GL,2021-03-28 19:25:08
201,Krasnoselkup,65.7,82.4667,-5.46,99,7,9.26,RU,2021-03-28 19:25:09
202,Yulara,-25.2406,130.9889,73.4,56,0,11.5,AU,2021-03-28 19:25:09
203,Ribeira Grande,38.5167,-28.7,60.8,77,40,17.27,PT,2021-03-28 19:25:09
204,Hornepayne,49.2138,-84.7705,27.79,81,100,15.99,CA,2021-03-28 19:25:10
205,Valparaiso,-33.0393,-71.6273,62.6,72,20,6.91,CL,2021-03-28 19:21:40
206,Narsaq,60.9167,-46.05,24.8,58,0,6.91,GL,2021-03-28 19:25:10
207,Mahebourg,-20.4081,57.7,77.0,88,20,4.61,MU,2021-03-28 19:20:12
208,Kibala,9.1104,18.3463,89.6,19,0,4.79,TD,2021-03-28 19:25:11
209,Kruisfontein,-34.0033,24.7314,64.0,74,100,4.0,ZA,2021-03-28 19:25:11
210,Bosaso,11.2842,49.1816,78.96,68,5,2.04,SO,2021-03-28 19:25:11
211,Burgos,42.3394,-3.7079,53.6,62,0,6.91,ES,2021-03-28 19:25:12
212,Letka,59.6011,49.4232,21.36,97,53,4.34,RU,2021-03-28 19:25:12
213,Taoudenni,22.6783,-3.9836,86.54,4,100,11.1,ML,2021-03-28 19:25:12
214,Partyzany,46.3314,34.7503,45.37,65,32,7.92,UA,2021-03-28 19:25:12
215,Elk City,35.412,-99.4043,66.2,22,1,3.44,US,2021-03-28 19:25:13
216,Bima,-8.4667,118.7167,76.57,92,100,3.42,ID,2021-03-28 19:25:13
217,Kaabong,3.4836,34.1492,71.35,44,42,5.86,UG,2021-03-28 19:25:13
218,Srandakan,-7.9386,110.2506,76.69,88,38,3.0,ID,2021-03-28 19:23:25
219,Pavilosta,56.8879,21.1859,41.0,81,90,14.97,LV,2021-03-28 19:25:14
220,Meulaboh,4.1363,96.1285,77.36,86,92,3.04,ID,2021-03-28 19:23:11
221,Gao,16.6362,1.637,79.12,9,0,11.3,ML,2021-03-28 19:22:51
222,Souillac,-20.5167,57.5167,77.0,88,20,4.61,MU,2021-03-28 19:25:14
223,Clonakilty,51.6231,-8.8706,52.0,93,90,26.46,IE,2021-03-28 19:25:15
224,Nemuro,43.3236,145.575,41.49,95,100,39.19,JP,2021-03-28 19:25:15
225,Kirakira,-10.4544,161.9205,78.42,84,64,6.6,SB,2021-03-28 19:25:14
226,Padang,-0.9492,100.3543,75.2,94,75,3.44,ID,2021-03-28 19:22:42
227,Masterton,-40.9597,175.6575,63.0,94,100,4.0,NZ,2021-03-28 19:25:15
228,Vila Franca Do Campo,37.7167,-25.4333,59.0,82,75,9.22,PT,2021-03-28 19:25:16
229,Airai,-8.9266,125.4092,60.28,95,100,2.21,TL,2021-03-28 19:25:16
230,Bambous Virieux,-20.3428,57.7575,78.01,88,20,4.61,MU,2021-03-28 19:25:16
231,Tapes,-30.6733,-51.3958,79.57,65,98,3.09,BR,2021-03-28 19:25:17
232,Urumqi,43.801,87.6005,50.0,81,90,4.47,CN,2021-03-28 19:25:17
233,Penzance,50.1186,-5.5371,50.0,87,90,28.77,GB,2021-03-28 19:25:17
234,Shaunavon,49.6501,-108.4181,55.4,30,38,32.21,CA,2021-03-28 19:25:18
235,Lazarev,52.225,141.5131,29.25,93,100,5.37,RU,2021-03-28 19:25:18
236,Buturlino,55.5667,44.8974,22.73,97,69,5.37,RU,2021-03-28 19:25:18
237,Healdsburg,38.6105,-122.8692,72.0,33,0,3.4,US,2021-03-28 19:25:18
238,Arlit,18.7369,7.3853,76.15,9,0,12.35,NE,2021-03-28 19:25:19
239,Namtsy,62.7161,129.6658,-5.8,84,0,2.24,RU,2021-03-28 19:25:19
240,Acajutla,13.5928,-89.8275,91.4,22,20,3.44,SV,2021-03-28 19:25:19
241,Komsomolskiy,40.4272,71.7189,50.0,93,75,2.3,UZ,2021-03-28 19:22:24
242,Kenai,60.5544,-151.2583,23.0,63,75,4.03,US,2021-03-28 19:20:24
243,Bandiagara,14.3501,-3.6104,98.6,9,0,9.22,ML,2021-03-28 19:25:20
244,Salym,60.0625,71.4789,3.79,97,66,4.03,RU,2021-03-28 19:25:20
245,Fort Nelson,58.8053,-122.7002,10.4,85,90,19.57,CA,2021-03-28 19:24:39
246,Saint-Joseph,-21.3667,55.6167,78.8,78,0,6.91,RE,2021-03-28 19:25:21
247,Evensk,61.95,159.2333,-10.86,89,96,4.16,RU,2021-03-28 19:22:34
248,Ust-Nera,64.5667,143.2,-4.56,98,100,3.56,RU,2021-03-28 19:25:21
249,Miraflores,19.2167,-98.8083,84.2,14,20,9.22,MX,2021-03-28 19:24:19
250,Hokitika,-42.7167,170.9667,58.08,94,64,2.91,NZ,2021-03-28 19:25:21
251,Shunyi,40.125,116.6453,53.6,11,0,11.18,CN,2021-03-28 19:25:22
252,Pangody,65.85,74.4859,-7.1,99,83,8.23,RU,2021-03-28 19:25:22
253,Svetlogorsk,52.6333,29.7333,39.02,96,100,10.56,BY,2021-03-28 19:25:22
254,Monrovia,6.3005,-10.7969,78.8,94,75,5.79,LR,2021-03-28 19:25:23
255,Ukiah,39.1502,-123.2078,71.01,37,1,2.84,US,2021-03-28 19:25:10
256,Bilibino,68.0546,166.4372,-25.65,95,58,3.49,RU,2021-03-28 19:25:23
257,Yellowknife,62.456,-114.3525,24.01,42,75,17.27,CA,2021-03-28 19:20:58
258,Huarmey,-10.0681,-78.1522,75.51,73,100,10.0,PE,2021-03-28 19:25:24
259,Graaff-Reinet,-32.2522,24.5308,63.0,70,100,3.0,ZA,2021-03-28 19:25:24
260,Zyryanka,65.75,150.85,-7.13,98,100,1.77,RU,2021-03-28 19:25:24
261,Nelson Bay,-32.7167,152.15,63.0,100,40,3.44,AU,2021-03-28 19:25:25
262,Torbat-E Jam,35.244,60.6225,41.61,76,100,10.47,IR,2021-03-28 19:25:25
263,Nome,64.5011,-165.4064,12.0,85,90,31.07,US,2021-03-28 19:25:25
264,Novikovo,51.1537,37.8879,35.06,85,100,4.27,RU,2021-03-28 19:25:25
265,Mananjary,-21.2167,48.3333,77.22,85,1,0.94,MG,2021-03-28 19:25:26
266,Vao,-22.6667,167.4833,77.41,82,11,14.56,NC,2021-03-28 19:25:26
267,Clyde River,70.4692,-68.5914,-4.0,84,20,10.36,CA,2021-03-28 19:25:26
268,Nieuw Nickerie,5.95,-56.9833,78.6,87,100,13.6,SR,2021-03-28 19:25:27
269,Veisiejai,54.1,23.7,37.38,89,32,4.76,LT,2021-03-28 19:25:27
270,Kaiyuan,23.6977,103.3037,63.61,51,6,5.03,CN,2021-03-28 19:25:27
271,Quatre Cocos,-20.2078,57.7625,78.01,88,20,4.61,MU,2021-03-28 19:25:28
272,Beringovskiy,63.05,179.3167,9.48,94,100,16.53,RU,2021-03-28 19:25:28
273,Dunedin,-45.8742,170.5036,54.0,94,63,1.01,NZ,2021-03-28 19:23:30
274,Ola,59.5833,151.2833,-1.26,98,83,5.64,RU,2021-03-28 19:25:28
275,Kavieng,-2.5744,150.7967,82.67,75,95,13.71,PG,2021-03-28 19:25:29
276,Praia,14.9215,-23.5087,69.8,68,40,25.32,CV,2021-03-28 19:25:29
277,Adrar,20.5022,-10.0711,87.42,7,100,6.78,MR,2021-03-28 19:25:29
278,Hervey Bay,-25.2986,152.8535,70.0,82,100,1.01,AU,2021-03-28 19:22:53
279,Felanitx,39.4696,3.1483,59.0,63,0,6.91,ES,2021-03-28 19:25:29
280,Tartagal,-22.5164,-63.8013,65.39,59,94,4.25,AR,2021-03-28 19:25:30
281,Kautokeino,69.0125,23.0412,30.2,94,100,12.08,NO,2021-03-28 19:25:30
282,Chilca,-12.5211,-76.7372,75.99,64,0,9.22,PE,2021-03-28 19:25:31
283,Huilong,31.8111,121.655,62.01,80,0,4.0,CN,2021-03-28 19:25:31
284,Jalu,29.0331,21.5482,63.61,30,100,5.79,LY,2021-03-28 19:24:54
285,Samana,19.2056,-69.3369,84.2,74,40,9.22,DO,2021-03-28 19:24:28
286,Whitehorse,60.7161,-135.0538,21.0,35,20,14.97,CA,2021-03-28 19:25:31
287,Nianzishan,47.5167,122.8833,36.61,71,83,8.5,CN,2021-03-28 19:25:32
288,Kaitong,44.8135,123.15,40.37,47,0,17.47,CN,2021-03-28 19:25:32
289,Asau,46.4333,26.4,37.99,58,99,2.55,RO,2021-03-28 19:21:51
290,Kabo,7.6994,18.629,86.5,24,8,4.83,CF,2021-03-28 19:25:32
291,Chuy,-33.6971,-53.4616,70.02,82,90,6.58,UY,2021-03-28 19:22:31
292,La Primavera,5.4906,-70.4092,90.68,43,95,10.11,CO,2021-03-28 19:25:33
293,Comodoro Rivadavia,-45.8667,-67.5,62.6,63,75,9.22,AR,2021-03-28 19:24:16
294,Severo-Kurilsk,50.6789,156.125,25.25,78,10,13.71,RU,2021-03-28 19:24:56
295,Rawson,-43.3002,-65.1023,68.81,44,90,13.13,AR,2021-03-28 19:20:49
296,Gamba,-2.65,10.0,77.16,88,100,3.62,GA,2021-03-28 19:25:33
297,Alenquer,-1.9417,-54.7383,86.0,74,40,14.97,BR,2021-03-28 19:25:34
298,Saint-Francois,46.4154,3.9054,50.0,57,0,3.44,FR,2021-03-28 19:25:34
299,Safaga,26.7292,33.9365,66.2,32,0,14.97,EG,2021-03-28 19:25:34
300,Zheleznodorozhnyy,55.7503,38.0042,35.6,74,0,4.47,RU,2021-03-28 19:25:35
301,Ucluelet,48.9329,-125.5528,45.0,81,75,18.41,CA,2021-03-28 19:22:33
302,Jieshi,22.8134,115.8257,75.99,88,5,1.01,CN,2021-03-28 19:25:35
303,Sinnamary,5.3833,-52.95,80.51,78,97,14.58,GF,2021-03-28 19:25:35
304,Ustka,54.5805,16.8619,44.73,79,100,15.32,PL,2021-03-28 19:25:36
305,Klaksvik,62.2266,-6.589,41.0,87,75,16.11,FO,2021-03-28 19:25:36
306,Qasigiannguit,68.8193,-51.1922,-5.8,41,0,2.3,GL,2021-03-28 19:25:36
307,Mehamn,71.0357,27.8492,35.6,75,0,16.11,NO,2021-03-28 19:25:28
308,Road Town,18.4167,-64.6167,82.4,65,40,16.11,VG,2021-03-28 19:25:37
309,Shawnee,39.05,-95.7669,57.99,38,1,9.22,US,2021-03-28 19:25:37
310,Nadym,65.5333,72.5167,-7.87,99,78,9.66,RU,2021-03-28 19:21:49
311,Moussoro,13.6408,16.4901,81.37,13,0,17.47,TD,2021-03-28 19:25:37
312,Manokwari,-0.8667,134.0833,77.36,82,100,4.56,ID,2021-03-28 19:25:38
313,Boa Vista,2.8197,-60.6733,89.6,45,75,11.5,BR,2021-03-28 19:25:38
314,Port-Gentil,-0.7193,8.7815,82.4,78,90,11.5,GA,2021-03-28 19:25:38
315,Shcheglovo,60.0284,30.7529,41.0,87,90,2.24,RU,2021-03-28 19:25:39
316,Camacupa,-12.0167,17.4833,63.59,92,99,1.9,AO,2021-03-28 19:25:39
317,Sakakah,29.9697,40.2064,59.0,17,0,4.61,SA,2021-03-28 19:25:39
318,Nouakchott,18.0858,-15.9785,71.6,64,30,24.16,MR,2021-03-28 19:24:36
319,Selu,19.4667,76.4667,87.44,12,6,4.38,IN,2021-03-28 19:25:40
320,Garden City,42.3256,-83.331,46.4,65,90,25.32,US,2021-03-28 19:25:40
321,Constantine,36.365,6.6147,60.8,59,40,2.3,DZ,2021-03-28 19:25:40
322,Ponta Delgada,37.7333,-25.6667,59.0,82,75,9.22,PT,2021-03-28 19:25:40
323,Nikolayevka,53.1257,47.2041,29.89,88,100,12.88,RU,2021-03-28 19:25:41
324,Talnakh,69.4865,88.3972,-12.59,96,59,2.95,RU,2021-03-28 19:23:25
325,Ancud,-41.8697,-73.8203,68.0,60,20,17.27,CL,2021-03-28 19:24:58
326,Bitung,1.4451,125.1824,77.0,94,40,4.61,ID,2021-03-28 19:25:41
327,Faanui,-16.4833,-151.75,82.27,73,15,21.59,PF,2021-03-28 19:25:41
328,Kasongo-Lunda,-6.4667,16.8167,71.85,93,100,0.27,CD,2021-03-28 19:25:42
329,Otawara,36.8667,140.0333,59.0,85,100,3.94,JP,2021-03-28 19:25:42
330,Paamiut,61.994,-49.6678,16.97,65,0,21.61,GL,2021-03-28 19:25:42
331,Panji,-7.7253,114.0995,74.66,88,100,5.17,ID,2021-03-28 19:25:43
332,Yar-Sale,66.8333,70.8333,-11.85,99,32,8.84,RU,2021-03-28 19:24:48
333,Sao Felix Do Xingu,-6.6447,-51.995,86.72,62,93,4.18,BR,2021-03-28 19:22:55
334,Hailin,44.5833,129.4167,39.0,97,100,3.4,CN,2021-03-28 19:25:43
335,Ocos,14.5094,-92.1933,93.2,52,40,14.97,GT,2021-03-28 19:25:43
336,Martapura,-3.4167,114.85,78.8,100,75,1.14,ID,2021-03-28 19:25:44
337,Naze,28.3667,129.4833,63.21,83,50,5.39,JP,2021-03-28 19:24:09
338,Honningsvag,70.9821,25.9704,35.6,75,20,11.5,NO,2021-03-28 19:25:44
339,Lerwick,60.1545,-1.1494,44.6,81,20,19.57,GB,2021-03-28 19:25:45
340,Domoni,-12.2569,44.5319,80.78,81,79,5.97,KM,2021-03-28 19:25:45
341,Touros,-5.1989,-35.4608,86.0,66,40,12.66,BR,2021-03-28 19:25:45
342,Tura,25.5198,90.2201,73.36,20,0,3.18,IN,2021-03-28 19:25:46
343,Khasan,42.4308,130.6434,40.75,93,100,5.7,RU,2021-03-28 19:25:46
344,Dali,25.7,100.1833,50.29,36,5,6.13,CN,2021-03-28 19:25:46
345,Poum,-20.2333,164.0167,79.18,78,8,6.89,NC,2021-03-28 19:25:46
346,Port Hardy,50.6996,-127.4199,42.8,81,75,8.05,CA,2021-03-28 19:25:47
347,San Jose,37.3394,-121.895,77.0,37,1,4.61,US,2021-03-28 19:21:32
348,Namibe,-15.1961,12.1522,74.03,74,42,9.57,AO,2021-03-28 19:25:47
349,Praia Da Vitoria,38.7333,-27.0667,62.6,72,40,16.06,PT,2021-03-28 19:23:00
350,General Pico,-35.6566,-63.7568,71.65,45,0,6.73,AR,2021-03-28 19:25:48
351,Flin Flon,54.7682,-101.865,28.4,74,90,9.22,CA,2021-03-28 19:22:57
352,Epinal,48.1833,6.45,51.8,50,0,6.91,FR,2021-03-28 19:25:48
353,Hurghada,27.2574,33.8129,66.2,32,0,14.97,EG,2021-03-28 19:25:48
354,San Lawrenz,36.0553,14.204,60.01,94,0,6.91,MT,2021-03-28 19:25:49
355,Karratha,-20.7377,116.8463,86.49,47,53,6.96,AU,2021-03-28 19:25:49
356,Vostok,46.4856,135.8833,33.76,78,100,10.89,RU,2021-03-28 19:25:40
357,Saint-Jean-De-Maurienne,45.1667,6.5833,55.0,68,5,0.81,FR,2021-03-28 19:25:49
358,Palmer,42.1584,-72.3287,53.01,100,90,3.44,US,2021-03-28 19:24:40
359,Omboue,-1.5746,9.2618,78.21,87,100,10.51,GA,2021-03-28 19:25:50
360,Urucara,-2.5364,-57.76,84.97,71,61,3.87,BR,2021-03-28 19:25:50
361,Aketi,2.7388,23.7833,78.3,50,23,2.19,CD,2021-03-28 19:25:50
362,Ajdabiya,30.7554,20.2263,61.45,53,100,13.06,LY,2021-03-28 19:25:51
363,Wichita Falls,33.9137,-98.4934,69.8,27,1,9.22,US,2021-03-28 19:20:58
364,Cockburn Town,21.4612,-71.1419,80.6,65,40,18.41,TC,2021-03-28 19:25:51
365,Chaozhou,23.6651,116.6379,71.6,88,2,2.24,CN,2021-03-28 19:25:51
366,Pacific Grove,36.6177,-121.9166,73.0,59,1,5.75,US,2021-03-28 19:23:50
367,Berlevag,70.8578,29.0864,33.8,75,0,16.11,NO,2021-03-28 19:25:52
368,Port Hedland,-20.3167,118.5667,82.4,61,12,6.91,AU,2021-03-28 19:24:39
369,Salamiyah,35.0113,37.0532,47.34,64,4,4.63,SY,2021-03-28 19:25:52
370,Ishinomaki,38.4167,141.3,55.0,96,100,16.24,JP,2021-03-28 19:25:52
371,Dudinka,69.4058,86.1778,-8.39,99,67,9.46,RU,2021-03-28 19:23:14
372,Bathsheba,13.2167,-59.5167,82.4,61,40,20.71,BB,2021-03-28 19:25:53
373,Manturovo,58.3353,44.7619,26.71,98,100,1.54,RU,2021-03-28 19:25:53
374,San Carlos De Bariloche,-41.1456,-71.3082,77.0,13,0,4.61,AR,2021-03-28 19:25:53
375,Coffs Harbour,-30.3,153.1333,62.6,88,7,8.05,AU,2021-03-28 19:25:54
376,Srednekolymsk,67.45,153.6833,-15.75,99,100,4.34,RU,2021-03-28 19:21:02
377,Necochea,-38.5473,-58.7368,69.01,76,22,3.0,AR,2021-03-28 19:25:54
378,Caravelas,-17.7125,-39.2481,83.93,61,0,9.73,BR,2021-03-28 19:24:26
379,Oeiras Do Para,-2.0031,-49.8544,86.02,63,87,4.0,BR,2021-03-28 19:25:54
380,Manali,13.1667,80.2667,80.6,89,20,3.44,IN,2021-03-28 19:25:55
381,Yumen,40.2833,97.2,46.2,49,34,8.3,CN,2021-03-28 19:25:55
382,Kloulklubed,7.0419,134.2556,77.0,94,75,5.75,PW,2021-03-28 19:25:54
383,Tefe,-3.3542,-64.7114,78.8,89,75,10.36,BR,2021-03-28 19:25:56
384,Venice,27.0998,-82.4543,82.99,78,1,10.36,US,2021-03-28 19:25:56
385,Hay River,60.8156,-115.7999,15.8,73,100,16.11,CA,2021-03-28 19:25:56
386,Nowy Dwor Gdanski,54.2131,19.1177,45.0,100,86,8.72,PL,2021-03-28 19:25:56
387,Makakilo City,21.3469,-158.0858,77.0,60,1,10.36,US,2021-03-28 19:25:57
388,Bandarbeyla,9.4942,50.8122,79.03,72,10,6.91,SO,2021-03-28 19:25:57
389,Trairi,-3.2778,-39.2689,82.02,72,17,5.68,BR,2021-03-28 19:25:57
390,Kaeo,-35.1,173.7833,64.99,96,100,5.99,NZ,2021-03-28 19:25:58
391,Anadyr,64.75,177.4833,14.0,79,75,17.9,RU,2021-03-28 19:22:19
392,Namatanai,-3.6667,152.4333,78.76,80,81,8.01,PG,2021-03-28 19:23:11
393,Lorengau,-2.0226,147.2712,81.88,76,100,7.58,PG,2021-03-28 19:24:17
394,Tual,-5.6667,132.75,83.19,76,100,17.4,ID,2021-03-28 19:25:58
395,Saint-Louis,16.3333,-15.0,96.8,19,0,2.3,SN,2021-03-28 19:25:55
396,Emba,48.8264,58.1442,28.49,92,100,6.2,KZ,2021-03-28 19:25:58
397,Chase,50.8165,-119.6857,59.0,31,100,11.5,CA,2021-03-28 19:25:59
398,Lompoc,34.6391,-120.4579,75.99,43,0,6.91,US,2021-03-28 19:25:59
399,Maniitsoq,65.4167,-52.9,6.15,51,22,1.21,GL,2021-03-28 19:24:20
400,Hambantota,6.1241,81.1185,73.4,100,90,3.44,LK,2021-03-28 19:25:59
401,Udachnyy,66.4167,112.4,11.1,96,100,4.79,RU,2021-03-28 19:26:00
402,Washougal,45.5826,-122.3534,50.0,66,90,9.22,US,2021-03-28 19:26:00
403,Coxim,-18.5067,-54.76,97.21,20,6,9.24,BR,2021-03-28 19:26:00
404,Omaha,41.2586,-95.9378,55.0,37,75,5.75,US,2021-03-28 19:26:01
405,Petrokamenskoye,57.716,60.6484,25.45,87,18,8.97,RU,2021-03-28 19:26:01
406,Dosso,13.049,3.1937,83.05,9,2,9.82,NE,2021-03-28 19:26:01
407,Qaqortoq,60.7167,-46.0333,24.8,58,0,6.91,GL,2021-03-28 19:23:04
408,Magaria,12.9983,8.9099,78.8,13,0,10.98,NE,2021-03-28 19:26:02
409,Hualmay,-11.0964,-77.6139,74.89,72,48,9.62,PE,2021-03-28 19:21:19
410,Nikolsk,53.7189,46.0712,27.73,93,100,9.93,RU,2021-03-28 19:26:02
411,Lavrentiya,65.5833,-171.0,7.29,94,100,19.82,RU,2021-03-28 19:24:50
412,Imbituba,-28.24,-48.6703,82.4,69,75,10.36,BR,2021-03-28 19:26:03
413,Abrau-Dyurso,44.69,37.59,41.0,81,9,8.95,RU,2021-03-28 19:26:03
414,Viedma,-40.8135,-62.9967,79.77,12,100,7.78,AR,2021-03-28 19:26:03
415,Guanica,17.9716,-66.908,82.99,68,15,14.0,PR,2021-03-28 19:26:04
416,Am Timan,11.0297,20.2827,89.01,12,10,4.05,TD,2021-03-28 19:26:04
417,Katobu,-4.9408,122.5276,75.49,92,100,4.18,ID,2021-03-28 19:21:31
418,Dawson Creek,55.7666,-120.2362,33.8,75,75,20.71,CA,2021-03-28 19:26:04
419,Henties Bay,-22.116,14.2845,61.0,90,0,5.99,NA,2021-03-28 19:26:05
420,Banda Aceh,5.5577,95.3222,77.95,82,88,3.71,ID,2021-03-28 19:25:03
421,Soyo,-6.1349,12.3689,81.25,77,100,6.44,AO,2021-03-28 19:26:05
422,Aracati,-4.5617,-37.7697,83.7,66,46,7.94,BR,2021-03-28 19:26:05
423,Swan River,52.1058,-101.2676,33.8,80,100,9.22,CA,2021-03-28 19:23:52
424,Verkhniy Avzyan,53.5289,57.5372,23.5,92,31,2.77,RU,2021-03-28 19:26:06
425,Moba,33.2288,105.0179,48.52,82,7,0.76,CN,2021-03-28 19:26:06
426,Broken Hill,-31.95,141.4333,57.2,58,0,8.05,AU,2021-03-28 19:26:06
427,Maridi,4.9158,29.4742,75.33,58,75,3.44,SS,2021-03-28 19:26:07
428,Umea,63.8284,20.2597,34.0,93,90,2.3,SE,2021-03-28 19:26:07
429,Bordighera,43.7806,7.6645,57.2,82,40,4.34,IT,2021-03-28 19:26:07
430,Mnogovershinnyy,53.9353,139.9242,15.39,96,73,2.55,RU,2021-03-28 19:26:08
431,Krasnodon,48.2923,39.7373,35.04,80,69,2.17,UA,2021-03-28 19:26:08
432,Juneau,58.3019,-134.4197,37.4,44,20,4.61,US,2021-03-28 19:26:08
433,Kovylkino,54.0388,43.9139,23.59,95,48,5.66,RU,2021-03-28 19:26:09
434,Ouadda,8.0777,22.4007,77.11,22,4,5.61,CF,2021-03-28 19:26:09
435,Ulety,51.3572,112.4849,16.5,91,3,2.59,RU,2021-03-28 19:26:09
436,Saint George,37.1041,-113.5841,69.01,27,1,3.44,US,2021-03-28 19:22:20
437,Arman,59.7,150.1667,-2.51,97,44,5.82,RU,2021-03-28 19:26:09
438,Chara,56.9064,118.2631,10.85,82,100,2.59,RU,2021-03-28 19:26:10
439,Tungor,53.3808,142.9564,27.66,94,100,6.44,RU,2021-03-28 19:25:45
440,Zhuhai,22.2769,113.5678,78.01,88,40,5.75,CN,2021-03-28 19:26:10
441,Agua Branca,-5.8922,-42.6361,84.63,65,45,0.6,BR,2021-03-28 19:26:10
442,Carndonagh,55.25,-7.2667,53.65,91,100,19.62,IE,2021-03-28 19:26:11
443,Tessalit,20.1986,1.0114,78.84,8,0,10.87,ML,2021-03-28 19:26:11
444,Pechenga,69.5259,31.1703,35.6,80,20,6.91,RU,2021-03-28 19:26:11
445,Basco,20.4487,121.9702,78.76,79,3,6.08,PH,2021-03-28 19:26:12
446,Otjiwarongo,-20.4637,16.6477,72.0,49,93,2.46,NA,2021-03-28 19:26:12
447,Hasaki,35.7333,140.8333,62.6,100,75,18.41,JP,2021-03-28 19:24:02
448,Cimitarra,6.3142,-73.9497,90.1,56,93,2.42,CO,2021-03-28 19:26:12
449,Cairns,-16.9167,145.7667,78.8,73,75,11.5,AU,2021-03-28 19:26:13
450,Manyana,-23.4,21.7167,74.08,32,1,1.88,BW,2021-03-28 19:24:32
451,Nuuk,64.1835,-51.7216,10.4,72,20,12.66,GL,2021-03-28 19:23:16
452,North Bend,43.4065,-124.2243,53.01,81,90,13.8,US,2021-03-28 19:23:10
453,Shenjiamen,29.9576,122.298,55.56,88,0,8.32,CN,2021-03-28 19:26:13
454,Buala,-8.145,159.5921,80.19,81,16,7.78,SB,2021-03-28 19:23:08
455,Shimoda,34.6667,138.95,62.6,94,40,6.91,JP,2021-03-28 19:26:14
456,San Angelo,31.4638,-100.437,72.0,18,1,16.11,US,2021-03-28 19:24:16
457,Codrington,-38.2667,141.9667,58.77,76,100,9.8,AU,2021-03-28 19:24:01
458,Sumbe,-11.2061,13.8437,78.66,78,5,6.24,AO,2021-03-28 19:26:14
459,Bang Saphan,11.2126,99.5117,76.1,90,10,3.0,TH,2021-03-28 19:26:14
460,Uzunovo,54.5386,38.6173,32.54,99,100,2.95,RU,2021-03-28 19:26:15
461,Barbastro,42.0356,0.1269,57.2,54,0,2.3,ES,2021-03-28 19:26:15
462,Shache,38.4167,77.2406,56.5,41,98,13.11,CN,2021-03-28 19:26:15
463,Caramay,10.1815,119.236,76.98,83,100,4.83,PH,2021-03-28 19:26:16
464,Lesnoy,57.6198,63.0784,29.77,83,93,12.41,RU,2021-03-28 19:26:16
465,Okhotsk,59.3833,143.3,-2.02,98,65,6.89,RU,2021-03-28 19:26:16
466,Khandyga,62.6667,135.6,8.37,97,100,1.32,RU,2021-03-28 19:26:17
467,Tucumcari,35.1717,-103.725,64.4,27,1,20.71,US,2021-03-28 19:26:17
468,Pimentel,-6.8367,-79.9342,80.6,54,0,16.11,PE,2021-03-28 19:26:17
469,Lamesa,32.7376,-101.951,66.0,22,0,1.01,US,2021-03-28 19:26:18
470,Bani,18.2833,-70.3333,86.0,62,75,9.22,DO,2021-03-28 19:26:18
471,Cape Coast,5.1053,-1.2466,81.03,82,67,9.84,GH,2021-03-28 19:26:18
472,Taksimo,56.3444,114.8794,5.74,85,8,2.98,RU,2021-03-28 19:26:18
473,Ulladulla,-35.35,150.4667,57.2,100,90,6.91,AU,2021-03-28 19:26:19
474,Raahe,64.6833,24.4833,37.99,81,90,5.75,FI,2021-03-28 19:26:19
475,Alugan,12.2188,125.4808,79.38,84,100,8.79,PH,2021-03-28 19:26:19
476,Lichinga,-13.3128,35.2406,66.0,100,75,13.8,MZ,2021-03-28 19:26:20
477,Marawi,7.9986,124.2928,77.0,90,95,4.0,PH,2021-03-28 19:25:13
478,Panzhihua,26.5851,101.7128,59.0,40,49,2.89,CN,2021-03-28 19:26:20
479,Pitea,65.3172,21.4794,33.8,100,90,9.22,SE,2021-03-28 19:26:20
480,Gejiu,23.306,103.1635,54.25,52,8,1.79,CN,2021-03-28 19:26:21
481,Itanhem,-17.1664,-40.33,94.91,26,0,8.46,BR,2021-03-28 19:26:21
482,Vryburg,-26.9566,24.7284,68.4,38,0,4.47,ZA,2021-03-28 19:26:21
483,Trelew,-43.249,-65.3051,73.89,30,100,13.6,AR,2021-03-28 19:26:22
484,Mihail Kogalniceanu,44.3667,28.45,55.4,50,20,21.85,RO,2021-03-28 19:26:22
485,Sabha,27.0377,14.4283,64.36,18,0,10.85,LY,2021-03-28 19:26:22
486,Torbay,47.6666,-52.7314,28.99,68,75,9.22,CA,2021-03-28 19:26:23
487,Isangel,-19.55,169.2667,76.5,87,6,5.77,VU,2021-03-28 19:26:23
488,Port Blair,11.6667,92.75,81.32,74,43,2.24,IN,2021-03-28 19:26:23
489,Leningradskiy,69.3833,178.4167,-17.86,94,99,2.24,RU,2021-03-28 19:25:26
490,Viloco,-16.95,-67.55,50.02,71,100,7.94,BO,2021-03-28 19:26:24
491,Niono,14.2526,-5.993,91.18,10,0,9.44,ML,2021-03-28 19:26:24
492,Garowe,8.4054,48.4845,77.29,47,34,16.11,SO,2021-03-28 19:26:24
493,College,64.8569,-147.8028,10.0,61,40,5.75,US,2021-03-28 19:22:17
494,Xuddur,4.1213,43.8894,84.72,32,52,14.29,SO,2021-03-28 19:26:25
495,Los Lunas,34.8062,-106.7334,62.01,26,1,3.44,US,2021-03-28 19:23:02
496,Quatis,-22.4072,-44.2581,77.14,82,84,7.05,BR,2021-03-28 19:26:25
497,Inyonga,-6.7167,32.0667,65.05,93,95,2.21,TZ,2021-03-28 19:26:25
498,Rurrenabaque,-14.4413,-67.5278,75.2,94,90,2.01,BO,2021-03-28 19:26:26
499,Urdoma,61.7533,48.5442,27.16,95,100,5.12,RU,2021-03-28 19:26:26
500,Paramonga,-10.6667,-77.8333,74.23,74,98,9.57,PE,2021-03-28 19:26:26
501,Babstovo,48.1167,132.4833,36.73,96,100,10.87,RU,2021-03-28 19:26:26
502,Oktyabrskoye,43.0645,44.7417,41.0,93,100,4.47,RU,2021-03-28 19:26:27
503,Babushkin,51.7122,105.8647,21.38,90,95,1.99,RU,2021-03-28 19:26:27
504,Edd,13.9297,41.6925,79.83,68,5,7.34,ER,2021-03-28 19:23:39
505,Kalmunai,7.4167,81.8167,77.81,78,100,6.85,LK,2021-03-28 19:26:28
506,Chumikan,54.7183,135.315,15.17,98,100,6.78,RU,2021-03-28 19:23:36
507,Kharhial,20.2833,82.7667,82.02,14,0,3.33,IN,2021-03-28 19:26:28
508,Bundaberg,-24.85,152.35,71.01,88,52,8.05,AU,2021-03-28 19:26:28
509,Corvallis,44.5646,-123.262,55.0,58,90,16.11,US,2021-03-28 19:25:44
510,Joensuu,62.6012,29.7632,41.0,75,75,9.22,FI,2021-03-28 19:26:29
511,Lillooet,50.6856,-121.942,42.01,93,90,17.27,CA,2021-03-28 19:26:29
512,Menongue,-14.6585,17.691,66.07,85,84,3.2,AO,2021-03-28 19:24:41
513,Port Hawkesbury,45.6169,-61.3485,34.0,74,90,14.97,CA,2021-03-28 19:26:29
514,Socuellamos,39.2858,-2.7921,53.01,57,97,8.01,ES,2021-03-28 19:26:30
515,Alice Springs,-23.7,133.8833,66.2,77,5,11.03,AU,2021-03-28 19:25:10
516,Mendi,-6.1761,143.6513,55.67,95,100,2.98,PG,2021-03-28 19:26:30
517,Yukhnov,54.7444,35.2297,33.12,96,100,3.02,RU,2021-03-28 19:26:30
518,Jibuti,11.5,42.5,80.6,57,1,10.04,DJ,2021-03-28 19:26:31
519,Kungurtug,50.5994,97.5228,23.31,81,100,2.13,RU,2021-03-28 19:26:31
520,Anloga,5.7947,0.8973,82.4,78,20,9.22,GH,2021-03-28 19:26:31
521,Moche,-8.1711,-79.0092,73.4,78,0,10.36,PE,2021-03-28 19:26:32
522,Ponoka,52.6768,-113.5815,55.4,30,100,20.71,CA,2021-03-28 19:26:32
523,Faya,18.3851,42.4509,64.4,72,0,1.41,SA,2021-03-28 19:26:32
524,Cayenne,4.9333,-52.3333,84.2,70,75,14.97,GF,2021-03-28 19:22:18
525,Tahta,26.7693,31.5021,66.2,27,0,17.27,EG,2021-03-28 19:26:33
526,Tekkali,18.6167,84.2333,77.04,88,0,5.91,IN,2021-03-28 19:26:33
527,Seda,57.65,25.75,37.99,69,53,3.0,LV,2021-03-28 19:26:33
528,Iquique,-20.2208,-70.1431,71.6,56,0,11.5,CL,2021-03-28 19:23:22
529,Fougamou,-1.2154,10.5838,74.84,96,100,3.87,GA,2021-03-28 19:26:34
530,Ondjiva,-17.0667,15.7333,75.2,52,92,3.67,AO,2021-03-28 19:26:04
531,Lamar,33.6668,-95.5836,68.0,30,1,17.27,US,2021-03-28 19:26:34
532,Porto Novo,6.4965,2.6036,82.4,74,20,9.22,BJ,2021-03-28 19:26:34
533,Sembe,1.6481,14.5806,76.96,73,57,2.3,CG,2021-03-28 19:26:35
534,Rio Gallegos,-51.6226,-69.2181,60.8,25,0,12.66,AR,2021-03-28 19:23:42
535,Subirana,15.2,-87.45,89.6,51,40,9.22,HN,2021-03-28 19:26:35
536,Antigonish,45.6169,-61.9986,35.01,80,100,14.0,CA,2021-03-28 19:26:35
537,Pando,-34.7167,-55.95,73.4,68,40,8.05,UY,2021-03-28 19:26:36
